age,gen,aa,ss,pre,qf,negconc,posconc,drug2c,pydrugc,drugconc,aggt,rulet
NA,NA,NA,NA,NA,NA,NA,NA,NA,NA,NA,NA,NA
19,Female,Caucasian/Other,1.583333333,4.909090909,0,0,0,0,0,0,NA,NA
18,Female,Asian-American,3.666666667,3.181818182,40,8,16,0,0,0,NA,NA
NA,NA,NA,NA,NA,NA,NA,NA,NA,NA,NA,NA,NA
21,Female,Caucasian/Other,3.916666667,2.272727273,19,10,16,0,0,0,50,50
18,Female,Caucasian/Other,2.416666667,2.454545455,48,26,42,5,6,21,52,56
NA,NA,NA,NA,NA,NA,NA,NA,NA,NA,NA,NA,NA
24,Male,Caucasian/Other,3.833333333,3.363636364,78,118,86,0,2,0,69,76
NA,NA,NA,NA,NA,NA,NA,NA,NA,NA,NA,NA,NA
20,Female,Asian-American,2.916666667,4.181818182,18,7,14,0,0,1,58,50
19,Female,Asian-American,1.25,3.181818182,0,0,0,0,0,0,50,50
19,Female,Asian-American,2.5,3.454545455,0,0,0,0,0,0,50,51
NA,NA,NA,NA,NA,NA,NA,NA,NA,NA,NA,NA,NA
20,Female,Caucasian/Other,4.083333333,4.454545455,22,23,26,0,0,0,50,50
18,Female,Asian-American,3.333333333,3,42,24,25,1,1,1,50,56
18,Female,Asian-American,2.833333333,3.909090909,30,7,12,0,0,0,NA,NA
18,Male,Asian-American,3.75,4.909090909,20,6,18,1,1,1,NA,NA
19,Male,Asian-American,3.5,3.636363636,0,0,0,0,0,0,50,50
19,Male,Asian-American,3.083333333,4,8,3,5,0,0,0,57,54
20,Female,Asian-American,2,3.909090909,1,0,0,0,0,0,50,51
18,Female,Asian-American,3.666666667,3.909090909,36,41,36,1,3,5,60,56
19,Female,Caucasian/Other,2.583333333,3,6,2,2,0,0,0,60,51
18,Female,Caucasian/Other,NA,NA,NA,NA,NA,NA,NA,NA,NA,NA
19,Female,Caucasian/Other,3.083333333,4.727272727,0,0,0,0,0,0,50,50
19,Female,Asian-American,NA,NA,NA,NA,NA,NA,NA,NA,NA,NA
18,Male,Asian-American,2.333333333,2.454545455,0,0,0,0,0,0,50,50
19,Female,Asian-American,3.833333333,3.363636364,0,0,0,0,0,0,62,51
18,Female,Caucasian/Other,3.833333333,2.909090909,23,34,23,2,2,5,50,60
18,Female,Caucasian/Other,3.833333333,3,46,33,34,0,0,0,54,60
19,Female,Asian-American,1.5,3,0,0,0,0,0,0,50,50
18,Female,Caucasian/Other,4,4.181818182,22,23,11,2,2,5,50,50
19,Female,Caucasian/Other,2.5,3.454545455,11,3,10,0,0,0,55,50
20,Male,Asian-American,4,3.636363636,33,30,24,0,0,4,63,61
19,Female,Caucasian/Other,4.666666667,3.272727273,13,4,13,0,0,0,50,52
19,Female,Caucasian/Other,3.666666667,4,14,10,19,0,0,0,50,51
19,Female,Caucasian/Other,2.166666667,4.090909091,12,11,22,0,0,0,51,50
20,Female,Caucasian/Other,4.416666667,3.363636364,22,7,18,0,0,0,50,50
19,Female,Caucasian/Other,3,3.272727273,18,11,23,1,1,10,50,51
18,Male,Asian-American,2.75,3.909090909,1,2,0,0,0,0,50,51
19,Female,Asian-American,3.5,3.545454545,18,14,15,0,0,0,50,51
19,Male,Caucasian/Other,3.333333333,3,51,52,34,0,0,4,52,50
18,Female,Caucasian/Other,2.416666667,4.909090909,16,7,14,2,2,6,52,50
18,Female,Caucasian/Other,3.833333333,3.454545455,2,0,1,0,0,0,50,50
18,Female,Caucasian/Other,3.416666667,2.909090909,11,8,16,0,0,0,54,51
19,Female,Caucasian/Other,2.916666667,2.363636364,26,14,31,0,0,0,50,50
19,Female,Caucasian/Other,3.916666667,3.090909091,20,19,31,0,0,3,NA,NA
20,Female,Caucasian/Other,2.666666667,3.090909091,0,0,0,0,0,0,50,51
18,Male,Asian-American,4.083333333,3.636363636,16,17,31,2,2,16,50,50
19,Female,Caucasian/Other,3,3.181818182,53,35,31,1,1,4,50,52
18,Female,Caucasian/Other,2.833333333,2.636363636,34,22,8,0,0,0,NA,NA
19,Female,Asian-American,2.083333333,3.636363636,9,4,16,0,0,0,50,50
20,Male,Asian-American,2,4.090909091,0,0,0,0,0,0,51,50
19,Male,Caucasian/Other,3.666666667,3,70,34,37,2,3,19,50,50
19,Female,Caucasian/Other,4.166666667,4.181818182,0,0,0,0,0,0,52,51
18,Female,Caucasian/Other,1.583333333,3.090909091,0,0,0,0,0,0,63,52
19,Female,Caucasian/Other,2.416666667,3.545454545,0,0,0,0,0,0,52,50
20,Female,Caucasian/Other,2.583333333,3.272727273,22,2,13,1,1,0,50,50
21,Female,Caucasian/Other,3.583333333,2.545454545,26,37,27,1,6,9,50,70
18,Female,Caucasian/Other,2.25,3.636363636,58,71,52,0,0,1,61,50
20,Female,Caucasian/Other,1.833333333,3.636363636,16,33,26,0,0,0,60,51
18,Male,Caucasian/Other,4.833333333,2.818181818,40,30,33,1,1,6,52,54
20,Female,Asian-American,3.75,3,31,19,6,0,0,0,50,64
19,Female,Asian-American,2.75,3.363636364,1,7,5,0,1,0,52,52
19,Female,Caucasian/Other,1.75,3.909090909,43,38,46,0,0,0,50,50
18,Male,Caucasian/Other,2.75,3.090909091,18,4,15,1,1,0,51,50
19,Female,Asian-American,2.166666667,4.090909091,0,0,0,0,0,0,50,50
18,Female,Asian-American,3,4.636363636,0,0,0,0,0,0,53,51
19,Male,Asian-American,4.666666667,1.727272727,34,25,32,0,0,13,60,54
18,Female,Caucasian/Other,3.416666667,3.636363636,51,46,35,0,0,0,NA,NA
20,Female,Caucasian/Other,4.416666667,3.636363636,10,3,9,0,0,0,50,50
19,Male,Caucasian/Other,4.416666667,3.363636364,25,15,16,0,0,0,50,50
20,Female,Asian-American,3,2.818181818,25,0,0,1,1,0,54,52
19,Female,Asian-American,3.583333333,3.818181818,8,7,18,0,0,0,54,51
19,Female,Asian-American,4.916666667,3,18,3,7,0,8,0,52,62
18,Female,Asian-American,3.5,3.545454545,30,5,9,1,1,1,50,58
19,Female,Caucasian/Other,2.416666667,3,26,20,25,1,1,4,52,52
22,Female,Asian-American,2,3.636363636,23,55,33,0,0,0,58,58
18,Female,Caucasian/Other,3.333333333,4.181818182,0,0,0,0,0,0,51,51
20,Male,Caucasian/Other,4.416666667,4.090909091,34,18,13,0,5,0,53,50
18,Male,Caucasian/Other,4,3.545454545,35,24,33,1,9,8,53,51
22,Male,Caucasian/Other,3.25,4.636363636,38,18,27,2,5,8,50,50
19,Male,Caucasian/Other,1.583333333,3.454545455,17,3,12,0,0,0,NA,NA
20,Female,Caucasian/Other,3.083333333,2.727272727,19,6,34,2,2,5,50,50
18,Female,Asian-American,2.25,4.727272727,0,0,0,0,0,0,50,50
20,Female,Caucasian/Other,4.083333333,4.181818182,30,43,39,1,3,14,65,67
19,Female,Caucasian/Other,2.333333333,3.363636364,26,30,43,3,5,8,53,52
18,Female,Caucasian/Other,3.916666667,3.272727273,38,37,33,4,4,15,54,51
22,Female,Asian-American,1,3.454545455,0,0,0,0,0,0,50,50
20,Male,Caucasian/Other,2.833333333,3.818181818,28,37,33,1,1,0,51,56
18,Male,Caucasian/Other,4.333333333,3.909090909,0,0,0,0,0,0,52,54
19,Female,Asian-American,3.166666667,3.636363636,1,1,0,1,1,0,NA,NA
18,Female,Asian-American,3.333333333,3.272727273,6,2,7,0,0,0,54,51
18,Male,Asian-American,2.833333333,4,8,3,3,0,0,0,60,65
18,Female,Asian-American,2.25,3.909090909,0,0,0,0,0,0,50,50
22,Male,Caucasian/Other,2.833333333,3.727272727,8,1,15,0,0,0,59,54
18,Female,Asian-American,4,1.727272727,30,60,57,6,6,38,NA,NA
19,Female,Caucasian/Other,3.833333333,3.181818182,10,6,8,0,0,0,58,51
18,Female,Caucasian/Other,2.166666667,4.090909091,22,16,24,0,0,0,50,51
19,Female,Caucasian/Other,4.5,4.090909091,26,10,23,0,0,0,50,50
19,Female,Asian-American,1.5,3.181818182,23,6,6,0,0,0,53,50
18,Male,Caucasian/Other,4.5,3.818181818,16,7,26,0,0,0,50,50
19,Female,Asian-American,2,4.909090909,14,2,10,0,0,0,50,50
19,Female,Caucasian/Other,3.583333333,3.272727273,0,0,0,0,0,0,50,50
19,Female,Caucasian/Other,3.333333333,4.636363636,0,0,0,0,0,0,50,50
18,Male,Caucasian/Other,3.416666667,3.090909091,0,0,0,0,0,0,54,50
19,Female,Caucasian/Other,2.666666667,3.181818182,16,21,13,1,1,1,50,52
19,Female,Caucasian/Other,3.25,2.454545455,41,34,33,1,2,1,NA,NA
19,Female,Asian-American,3,3.545454545,3,0,0,0,0,0,52,51
18,Female,Caucasian/Other,1.666666667,4.272727273,48,73,53,0,0,0,53,60
18,Female,Caucasian/Other,2.583333333,3.636363636,6,2,6,0,0,0,53,50
19,Female,Caucasian/Other,2.916666667,3.909090909,1,0,0,0,0,0,55,51
19,Male,Asian-American,3.166666667,4.181818182,0,0,0,0,0,0,50,50
22,Male,Caucasian/Other,3.333333333,3.909090909,49,53,55,0,0,0,51,57
20,Male,Caucasian/Other,4.416666667,3,50,27,23,1,4,6,52,56
19,Male,Caucasian/Other,2.583333333,3.909090909,0,0,0,0,0,0,62,51
18,Male,Asian-American,3.25,3.181818182,1,0,0,0,0,0,50,50
20,Male,Asian-American,4.083333333,3,43,42,28,0,0,0,53,56
18,Male,Asian-American,3.416666667,3.545454545,28,17,13,1,1,12,51,56
20,Female,Caucasian/Other,2.583333333,2.909090909,42,29,22,0,0,0,50,50
18,Male,Asian-American,3.833333333,3.818181818,10,3,6,0,0,0,61,54
18,Male,Asian-American,2.75,4.272727273,0,0,0,0,0,0,50,50
20,Male,Caucasian/Other,2.833333333,4,62,24,31,0,0,0,50,50
18,Female,Caucasian/Other,2.583333333,3.636363636,8,24,26,0,0,0,50,50
19,Male,Caucasian/Other,2.416666667,4.818181818,0,0,0,0,0,0,NA,NA
19,Male,Asian-American,2.166666667,3.818181818,18,8,8,0,0,0,50,50
19,Female,Caucasian/Other,2.583333333,3.545454545,0,0,0,0,0,0,52,51
19,Female,Caucasian/Other,3,3.909090909,48,59,56,1,1,0,50,56
19,Female,Caucasian/Other,2.5,3.545454545,20,17,22,0,0,0,50,52
18,Female,Caucasian/Other,3.5,3.181818182,28,31,29,0,0,0,51,58
19,Female,Caucasian/Other,3.583333333,3.818181818,25,35,34,1,1,5,60,60
20,Female,Caucasian/Other,3.25,2.454545455,0,0,0,0,0,0,50,51
20,Female,Caucasian/Other,2.5,3.909090909,21,14,9,0,0,0,50,50
18,Female,Caucasian/Other,4.25,2.818181818,0,0,0,0,0,0,52,58
21,Male,Asian-American,4.25,3.090909091,33,23,16,2,5,0,50,54
18,Male,Asian-American,3.833333333,2.636363636,5,0,0,0,0,0,50,50
21,Female,Caucasian/Other,1.833333333,4.272727273,38,33,25,0,0,0,54,51
19,Female,Caucasian/Other,3.916666667,3.363636364,48,62,31,0,0,0,50,50
19,Female,Caucasian/Other,3.666666667,3.181818182,43,29,26,4,4,16,51,58
19,Female,Caucasian/Other,3,2.909090909,30,30,38,6,6,44,53,56
19,Male,Asian-American,3.25,3.090909091,0,0,0,0,0,0,50,50
20,Male,Caucasian/Other,3.5,3.727272727,15,9,25,0,0,0,62,50
19,Female,Caucasian/Other,3.75,4,13,7,25,0,0,0,50,52
19,Male,Asian-American,4.5,3,0,7,2,1,1,2,67,74
18,Female,Asian-American,1.25,3.181818182,34,35,22,2,2,23,52,67
21,Female,Caucasian/Other,1.25,2.636363636,52,29,36,0,0,0,53,50
19,Female,Asian-American,2.416666667,2.545454545,46,27,24,2,4,3,50,50
19,Female,Caucasian/Other,3.75,3.636363636,16,2,2,0,0,0,52,50
22,Female,Caucasian/Other,3.166666667,3.090909091,33,14,14,0,0,0,54,51
18,Male,Caucasian/Other,4.416666667,2.909090909,31,46,38,3,13,30,50,61
18,Male,Caucasian/Other,4.416666667,3.272727273,42,38,49,3,5,20,50,56
19,Female,Caucasian/Other,4.75,2.454545455,53,77,57,2,12,33,50,72
18,Female,Caucasian/Other,2.166666667,4.363636364,54,28,33,0,0,0,50,50
20,Male,Caucasian/Other,4.083333333,3.363636364,88,90,48,6,20,33,NA,NA
18,Female,Caucasian/Other,3.583333333,3.818181818,8,16,10,0,0,0,52,56
20,Female,Caucasian/Other,3.166666667,3.090909091,11,3,5,0,0,0,51,51
24,Female,Asian-American,2.416666667,3.272727273,22,16,20,0,0,4,63,50
19,Female,Caucasian/Other,2,3.636363636,0,0,0,0,0,0,50,51
21,Female,Caucasian/Other,2.416666667,3.272727273,22,10,14,2,2,5,54,51
19,Female,Caucasian/Other,2.5,2.909090909,52,40,36,2,2,8,50,52
20,Male,Asian-American,3.083333333,3.818181818,10,4,11,0,0,0,50,50
19,Female,Caucasian/Other,3.166666667,3.454545455,26,55,46,6,10,31,58,67
21,Female,Caucasian/Other,2.916666667,4,5,4,3,0,0,0,50,50
21,Male,Caucasian/Other,1.416666667,4.181818182,11,2,0,0,1,0,57,65
20,Male,Caucasian/Other,4.833333333,3.545454545,6,0,2,0,0,0,NA,NA
20,Female,Caucasian/Other,4,3.454545455,40,28,10,1,8,1,51,56
18,Male,Caucasian/Other,2.916666667,4.090909091,32,17,15,0,0,0,51,50
18,Male,Caucasian/Other,2.666666667,3.909090909,14,5,1,1,4,4,54,56
20,Male,Caucasian/Other,3.083333333,2.909090909,0,0,0,0,0,0,50,50
19,Female,Caucasian/Other,3.833333333,3.181818182,34,8,31,0,0,0,54,50
18,Female,Caucasian/Other,4.083333333,3.454545455,50,36,48,1,1,4,50,56
23,Male,Caucasian/Other,5,3.454545455,39,36,35,6,10,17,51,65
20,Female,Caucasian/Other,4.083333333,2,48,78,45,2,3,16,NA,NA
18,Male,Caucasian/Other,2.25,4.545454545,20,0,0,0,0,0,65,57
21,Female,Caucasian/Other,3.5,3.272727273,34,12,16,1,1,2,51,50
21,Female,Asian-American,1.583333333,3.454545455,19,2,0,0,0,0,50,50
18,Female,Caucasian/Other,1.416666667,3,63,65,37,0,0,0,50,51
19,Male,Caucasian/Other,3.75,4,24,6,10,0,0,0,52,50
20,Male,Caucasian/Other,4,2.272727273,71,87,54,1,5,5,50,57
19,Male,Asian-American,1.916666667,3.181818182,10,7,6,1,1,2,50,51
20,Male,Caucasian/Other,3,3.363636364,35,25,29,1,1,4,51,50
19,Male,Caucasian/Other,4.833333333,2.818181818,61,118,45,5,17,41,67,70
20,Female,Caucasian/Other,4,2.818181818,30,11,20,1,1,5,50,51
18,Female,Caucasian/Other,3.416666667,3.363636364,0,0,0,0,0,0,53,51
19,Male,Asian-American,3.083333333,3.727272727,8,1,8,0,0,0,51,51
21,Male,Asian-American,4.416666667,3.545454545,20,7,6,0,0,0,60,54
20,Female,Caucasian/Other,3.333333333,3.636363636,30,19,32,0,0,0,54,50
18,Female,Caucasian/Other,3.083333333,3.454545455,15,10,28,3,4,11,50,52
18,Female,Caucasian/Other,2.583333333,3.636363636,18,19,25,0,0,0,60,50
18,Male,Caucasian/Other,2.916666667,3.818181818,28,19,24,0,0,0,50,50
18,Female,Asian-American,2.333333333,3.727272727,14,6,17,0,0,0,NA,NA
19,Female,Caucasian/Other,3.833333333,3,16,28,26,0,0,0,51,51
21,Female,Caucasian/Other,3.75,3.363636364,25,18,11,1,1,0,55,56
19,Male,Caucasian/Other,3.416666667,4,62,66,49,2,2,20,51,64
18,Female,Caucasian/Other,2.666666667,4,0,0,0,0,0,0,53,50
19,Male,Caucasian/Other,4.333333333,3.272727273,0,0,0,0,0,0,NA,NA
18,Male,Caucasian/Other,3.75,2.909090909,53,65,41,2,5,17,60,76
23,Male,Caucasian/Other,3.583333333,3.909090909,5,3,15,0,0,0,50,51
18,Male,Caucasian/Other,3.5,3.818181818,34,21,44,0,0,0,52,50
19,Male,Caucasian/Other,3.75,3.636363636,38,71,29,1,1,22,50,64
18,Female,Caucasian/Other,3.5,3.545454545,32,38,41,1,2,1,53,51
18,Female,Caucasian/Other,3.666666667,3.363636364,28,15,17,0,0,0,52,51
21,Male,Asian-American,1.75,2.909090909,34,24,28,0,0,0,50,50
18,Female,Asian-American,1.666666667,3.272727273,6,2,4,0,0,0,55,60
18,Female,Caucasian/Other,1.833333333,4.636363636,0,0,0,0,0,0,52,51
19,Female,Asian-American,3.083333333,3.636363636,5,2,8,0,0,0,60,50
19,Female,Asian-American,2.25,4.636363636,25,10,23,0,0,0,67,58
19,Female,Caucasian/Other,3.166666667,3.636363636,34,8,28,0,0,0,50,50
18,Female,Caucasian/Other,1.75,4.909090909,0,0,0,0,0,0,55,50
22,Female,Caucasian/Other,4.666666667,3.181818182,18,7,44,0,1,0,51,62
21,Female,Asian-American,3.166666667,3.454545455,3,2,2,0,0,0,53,51
18,Male,Caucasian/Other,3.416666667,3.363636364,18,5,9,0,1,0,50,50
21,Female,Asian-American,3.833333333,4.090909091,18,0,0,0,0,0,66,65
21,Female,Caucasian/Other,3.333333333,2.727272727,21,18,35,0,0,2,50,51
19,Male,Asian-American,3.833333333,3.181818182,6,7,3,4,5,20,50,57
22,Female,Caucasian/Other,2,4.181818182,22,31,14,0,0,0,50,50
18,Male,Caucasian/Other,5,2,0,0,0,6,19,71,50,54
20,Male,Caucasian/Other,4.333333333,2.727272727,52,110,41,4,10,15,50,54
18,Female,Caucasian/Other,3.166666667,1.818181818,53,73,60,1,1,8,61,75
18,Male,Asian-American,3.833333333,3,20,14,31,3,6,42,54,65
19,Female,Caucasian/Other,4.25,3,0,0,0,0,0,0,51,50
18,Female,Caucasian/Other,3.583333333,3.636363636,25,25,34,1,4,4,55,51
19,Female,Asian-American,2.333333333,2.727272727,0,1,1,0,0,0,NA,NA
21,Male,Caucasian/Other,2.916666667,3.636363636,8,2,0,0,0,0,61,57
19,Female,Caucasian/Other,2.5,2.545454545,46,27,34,1,1,3,50,52
19,Female,Caucasian/Other,1.5,3.727272727,0,0,0,0,0,0,50,50
21,Female,Caucasian/Other,1.333333333,4.454545455,0,0,0,0,0,0,63,50
19,Male,Caucasian/Other,2.666666667,3.545454545,46,8,22,0,3,0,50,50
18,Male,Caucasian/Other,3.916666667,4.272727273,46,28,25,2,2,15,53,51
20,Female,Caucasian/Other,3.333333333,2.727272727,33,33,30,0,0,1,50,52
18,Female,Asian-American,3.25,3.636363636,19,23,39,2,2,18,52,58
18,Female,Asian-American,3.083333333,3.272727273,18,10,14,0,0,0,50,50
22,Male,Caucasian/Other,4.583333333,2.636363636,22,41,51,0,0,0,50,64
18,Female,Asian-American,2.083333333,4.181818182,0,0,0,0,0,0,52,50
18,Female,Asian-American,3.166666667,3.909090909,0,0,0,0,0,0,52,51
19,Female,Caucasian/Other,1.583333333,3.090909091,19,18,23,2,2,9,50,52
19,Female,Caucasian/Other,3.833333333,3.363636364,41,64,49,1,2,2,53,58
19,Female,Caucasian/Other,3.5,3.454545455,25,9,6,0,0,0,50,52
21,Female,Caucasian/Other,4.666666667,2.909090909,22,26,16,0,12,16,50,50
20,Female,Caucasian/Other,2,4.363636364,10,37,38,4,8,43,50,58
18,Male,Asian-American,1.916666667,4.181818182,0,0,0,0,0,0,50,50
19,Female,Caucasian/Other,2.416666667,3.454545455,51,36,12,1,1,0,53,51
21,Male,Asian-American,5,5,0,0,0,0,0,0,64,70
19,Female,Caucasian/Other,3.166666667,4.090909091,24,7,28,0,0,0,54,58
19,Female,Caucasian/Other,3.833333333,3.454545455,4,4,7,0,0,0,52,50
22,Male,Caucasian/Other,3.666666667,3.727272727,70,75,54,0,0,0,50,51
18,Female,Caucasian/Other,3.25,3.818181818,8,2,6,0,0,0,51,50
20,Female,Asian-American,2.083333333,3.363636364,16,19,24,0,0,6,55,51
20,Male,Caucasian/Other,4.583333333,3.636363636,45,46,34,1,1,4,50,50
20,Female,Caucasian/Other,2.833333333,3.181818182,23,35,30,1,1,0,50,51
18,Female,Caucasian/Other,2.25,3.818181818,22,16,33,0,0,0,51,51
18,Male,Caucasian/Other,3,3.818181818,11,2,5,0,2,10,50,61
22,Male,Asian-American,2.916666667,3.454545455,5,0,5,0,0,0,53,50
18,Female,Asian-American,3.75,2.818181818,20,31,26,0,0,0,52,50
19,Female,Caucasian/Other,1.25,3.727272727,22,23,20,0,0,0,54,51
18,Female,Asian-American,1.916666667,3.818181818,2,2,0,0,0,0,52,50
20,Male,Caucasian/Other,2.75,3,6,0,0,0,0,0,52,50
20,Male,Asian-American,4,3,0,0,0,0,0,0,50,50
19,Female,Caucasian/Other,1.083333333,2.545454545,68,30,19,0,0,0,50,51
19,Female,Caucasian/Other,4.333333333,3.363636364,18,14,13,1,1,3,NA,NA
22,Female,Caucasian/Other,4.75,2.636363636,75,32,25,1,1,0,50,51
18,Female,Caucasian/Other,2.25,4.454545455,5,3,3,0,0,0,53,50
19,Female,Caucasian/Other,4.583333333,3,46,33,24,2,2,0,50,52
21,Male,Asian-American,3.083333333,3.727272727,3,0,3,0,0,0,68,51
20,Male,Asian-American,3.583333333,3.909090909,2,10,4,0,1,0,52,50
20,Male,Asian-American,3.333333333,3.909090909,75,25,28,0,0,0,51,50
NA,NA,NA,NA,NA,NA,NA,NA,NA,NA,NA,NA,NA
21,Male,Asian-American,1,4.636363636,0,0,0,0,0,0,50,50
18,Female,Asian-American,3.333333333,3.818181818,4,0,2,0,0,0,55,51
19,Female,Caucasian/Other,3.916666667,3,43,18,28,0,2,0,66,50
19,Female,Asian-American,2.083333333,4.636363636,7,7,5,0,0,0,61,50
18,Female,Asian-American,4,3.454545455,4,4,1,0,0,0,50,50
19,Male,Asian-American,1.833333333,3.363636364,34,34,24,3,3,32,NA,NA
19,Male,Caucasian/Other,4.583333333,3.363636364,0,0,0,0,0,0,50,50
21,Male,Asian-American,2.25,4,9,2,1,0,0,0,50,50
NA,NA,NA,NA,NA,NA,NA,NA,NA,NA,NA,NA,NA
19,Female,Asian-American,1.333333333,2.181818182,0,0,0,0,0,0,NA,NA
18,Female,Asian-American,1.75,4,0,0,0,0,0,0,52,50
19,Female,Caucasian/Other,2.916666667,4.545454545,10,12,13,1,1,23,65,60
21,Female,Asian-American,2.916666667,3.454545455,14,15,21,0,0,0,50,51
20,Female,Caucasian/Other,2.833333333,4.181818182,8,5,9,0,0,0,58,52
18,Male,Asian-American,2.083333333,3.363636364,0,0,0,0,0,0,57,51
19,Male,Caucasian/Other,4.416666667,3.818181818,53,55,41,0,1,0,50,54
19,Male,Caucasian/Other,4,3,76,45,49,1,1,5,50,51
18,Male,Asian-American,3.5,4.272727273,0,0,0,0,0,0,60,56
20,Male,Asian-American,3.75,3.727272727,5,0,0,0,0,0,50,50
19,Female,Caucasian/Other,4.916666667,2.090909091,48,23,42,0,0,0,50,51
20,Female,Asian-American,2.166666667,4.636363636,0,0,0,0,0,0,50,50
19,Female,Caucasian/Other,2.583333333,4.636363636,18,36,22,0,0,0,52,51
18,Male,Asian-American,3,4.272727273,0,0,0,0,0,0,52,50
19,Male,Caucasian/Other,3.833333333,2.636363636,32,4,22,1,1,0,50,50
20,Male,Caucasian/Other,2.666666667,3.545454545,52,37,37,0,0,9,52,51
18,Female,Caucasian/Other,3.166666667,4.545454545,8,3,14,0,0,0,50,50
18,Female,Asian-American,4.333333333,3.090909091,16,5,16,0,0,0,50,51
18,Female,Caucasian/Other,3,4,0,0,0,0,0,0,51,50
20,Male,Asian-American,2.083333333,3.818181818,0,0,0,0,0,0,61,50
19,Female,Asian-American,3.25,3.272727273,14,3,24,0,0,0,55,62
NA,NA,NA,NA,NA,NA,NA,NA,NA,NA,NA,NA,NA
20,Male,Asian-American,3.75,1.909090909,14,13,19,0,0,0,51,57
20,Male,Caucasian/Other,3.916666667,4,18,19,18,4,6,28,51,54
20,Male,Asian-American,4.5,2.454545455,3,4,22,1,1,10,52,50
18,Male,Asian-American,3.5,3.545454545,25,4,11,0,0,0,59,54
19,Male,Caucasian/Other,4.666666667,1.909090909,106,107,71,1,7,99,51,70
18,Male,Caucasian/Other,3.166666667,3.727272727,0,0,0,0,0,0,50,50
19,Male,Caucasian/Other,3.166666667,4.181818182,12,8,15,0,0,0,51,51
19,Male,Caucasian/Other,3.25,3.727272727,40,5,23,0,0,1,50,50
19,Male,Asian-American,4,4.090909091,16,8,15,0,0,0,51,50
19,Male,Caucasian/Other,3.083333333,4.272727273,20,28,19,1,1,5,50,50
21,Male,Asian-American,3.75,4.636363636,6,0,0,0,0,0,51,50
19,Male,Caucasian/Other,2.916666667,3.181818182,28,13,33,1,1,7,50,50
18,Male,Asian-American,4,4,1,2,1,0,0,2,51,50
20,Female,Caucasian/Other,2.75,3.272727273,30,16,34,0,0,0,50,50
21,Female,Asian-American,3.75,3.272727273,9,6,14,1,1,5,50,52
19,Female,Caucasian/Other,3.333333333,3.181818182,25,15,21,0,0,0,50,58
19,Female,Asian-American,1,3.909090909,4,10,13,0,0,0,54,50
19,Female,Caucasian/Other,2.333333333,4,0,0,0,0,0,0,50,52
19,Female,Caucasian/Other,2.5,3,24,4,27,1,2,0,50,51
22,Female,Caucasian/Other,2.333333333,3.181818182,28,37,29,1,1,6,53,65
19,Female,Asian-American,3.25,2.636363636,19,1,5,0,0,0,50,50
18,Female,Caucasian/Other,3.833333333,2.545454545,16,18,19,0,0,0,52,60
24,Male,Caucasian/Other,4.333333333,4.545454545,14,16,11,0,0,0,50,56
NA,NA,NA,NA,NA,NA,NA,NA,NA,NA,NA,NA,NA
18,Male,Caucasian/Other,4.25,4.454545455,61,18,27,0,0,0,50,50
19,Male,Caucasian/Other,3.5,3.909090909,58,70,48,1,1,26,50,50
19,Male,Caucasian/Other,2.25,3.727272727,0,0,0,0,0,0,50,54
19,Male,Asian-American,3.916666667,3.545454545,1,1,1,0,0,0,50,50
19,Male,Caucasian/Other,3.166666667,3.272727273,54,26,31,1,1,0,54,50
18,Female,Asian-American,4,3.545454545,1,0,0,0,0,0,NA,NA
19,Female,Asian-American,2.083333333,3.545454545,14,15,11,0,0,5,54,51
19,Female,Caucasian/Other,3.75,2.363636364,10,0,0,0,0,0,55,56
19,Male,Caucasian/Other,4.083333333,3.545454545,28,19,21,1,1,6,NA,NA
18,Male,Caucasian/Other,4,3.181818182,28,18,49,1,1,4,52,51
20,Male,Caucasian/Other,3.416666667,2.818181818,19,17,33,2,3,8,53,59
19,Male,Asian-American,3.5,3.636363636,9,11,18,1,1,6,52,50
20,Male,Asian-American,4.083333333,3.090909091,18,20,24,1,1,0,62,64
18,Male,Caucasian/Other,3.583333333,3.727272727,30,42,37,1,5,0,54,59
20,Male,Caucasian/Other,3.583333333,5,19,0,14,0,0,0,50,50
20,Male,Caucasian/Other,2.833333333,3,0,0,0,0,0,0,50,50
18,Male,Caucasian/Other,2.75,3.636363636,51,26,24,0,0,0,50,50
18,Male,Asian-American,3.833333333,3.727272727,10,0,0,0,0,0,53,54
18,Male,Caucasian/Other,3.833333333,3.090909091,22,26,22,1,1,4,50,57
19,Male,Caucasian/Other,1.666666667,4.636363636,0,0,0,0,0,0,54,50
22,Male,Caucasian/Other,3.75,4.363636364,10,3,4,0,0,0,52,50
20,Male,Caucasian/Other,4.666666667,5,25,18,10,1,2,4,52,50
19,Female,Caucasian/Other,3.166666667,4,22,7,17,0,0,0,54,50
19,Female,Asian-American,1.583333333,4.272727273,10,0,2,0,0,0,55,51
19,Female,Caucasian/Other,3.416666667,4.181818182,0,0,0,0,0,0,60,52
20,Female,Asian-American,4.5,3.454545455,16,13,20,0,0,0,54,58
18,Female,Caucasian/Other,2.333333333,3.363636364,0,0,0,0,0,0,NA,NA
19,Female,Caucasian/Other,1.083333333,3.636363636,50,45,39,1,9,16,54,50
19,Female,Caucasian/Other,2.25,2.636363636,16,18,22,1,1,7,53,52
19,Female,Caucasian/Other,3.5,3,20,7,14,1,1,0,60,52
19,Male,Caucasian/Other,3.166666667,3.636363636,54,30,24,0,0,0,50,50
18,Male,Caucasian/Other,3.916666667,2.727272727,46,55,29,1,1,0,50,54
24,Male,Caucasian/Other,1.833333333,4.545454545,0,0,0,0,0,0,NA,NA
18,Male,Caucasian/Other,4.833333333,2.909090909,0,0,0,0,0,0,50,50
18,Male,Caucasian/Other,2.916666667,3.636363636,38,22,32,0,0,0,50,50
20,Male,Asian-American,4.666666667,4.090909091,18,20,31,2,2,6,60,54
19,Male,Asian-American,4.083333333,2.454545455,10,2,8,0,0,0,54,57
18,Female,Caucasian/Other,2.333333333,3.727272727,73,66,55,3,5,25,NA,NA
20,Female,Asian-American,3.666666667,4.363636364,0,0,0,0,0,0,52,50
24,Female,Caucasian/Other,3.75,2.909090909,40,51,54,0,3,17,50,52
19,Male,Asian-American,4.5,4.181818182,10,2,2,0,0,1,NA,NA
19,Male,Caucasian/Other,4.166666667,3.454545455,54,55,37,3,3,15,51,54
18,Female,Caucasian/Other,3.583333333,2.909090909,19,64,66,0,2,0,58,58
20,Female,Asian-American,3.25,3.818181818,1,0,0,0,0,0,50,50
19,Female,Asian-American,1.583333333,4.090909091,24,18,25,1,1,2,50,51
20,Female,Asian-American,1.75,4.181818182,1,0,1,0,0,0,51,50
19,Male,Asian-American,3.583333333,3.363636364,0,0,0,0,0,0,50,50
19,Male,Asian-American,2.916666667,2.818181818,0,0,0,0,0,0,50,50
18,Male,Caucasian/Other,4.083333333,4.181818182,0,0,0,0,0,0,50,50
18,Male,Caucasian/Other,4.583333333,3.181818182,62,84,65,1,1,13,50,57
18,Male,Asian-American,2.583333333,4.181818182,0,0,0,0,0,0,60,51
21,Male,Caucasian/Other,4.416666667,3.636363636,16,0,3,0,12,0,51,50
18,Male,Caucasian/Other,3.416666667,3.818181818,16,5,4,0,0,0,54,50
20,Male,Caucasian/Other,3.75,3.727272727,50,57,44,2,2,16,50,50
18,Male,Caucasian/Other,2.666666667,4.636363636,33,43,57,4,9,12,50,54
19,Male,Caucasian/Other,4,3.545454545,70,69,56,5,10,45,53,67
19,Male,Asian-American,4,2.181818182,40,43,35,2,2,30,51,59
18,Male,Caucasian/Other,3.583333333,3.272727273,3,1,3,0,0,0,50,50
20,Male,Caucasian/Other,4.75,2.909090909,11,15,19,0,0,2,51,54
18,Female,Caucasian/Other,2.416666667,4.363636364,20,3,16,0,0,0,50,51
19,Female,Caucasian/Other,3.5,3.090909091,34,16,19,2,2,3,50,52
20,Female,Caucasian/Other,1.166666667,3.909090909,38,31,43,0,0,0,50,51
18,Female,Asian-American,4.25,3.909090909,14,2,12,0,0,0,58,51
19,Female,Caucasian/Other,2,2.363636364,15,16,34,0,0,0,50,51
20,Female,Caucasian/Other,4.916666667,3.363636364,16,29,47,0,0,0,51,52
20,Female,Caucasian/Other,3,2.727272727,58,30,45,0,0,0,50,52
18,Male,Caucasian/Other,4.25,2.454545455,64,38,31,1,3,3,63,65
19,Male,Caucasian/Other,4.083333333,4.363636364,62,54,33,1,2,2,50,54
18,Male,Caucasian/Other,2.833333333,3,28,42,30,0,0,0,60,50
19,Male,Caucasian/Other,3.666666667,3.363636364,46,49,36,4,5,26,50,50
23,Female,Caucasian/Other,3.666666667,3.909090909,0,0,0,0,0,0,52,50
20,Female,Caucasian/Other,3.666666667,3.909090909,6,3,12,2,2,1,52,50
20,Male,Caucasian/Other,4.75,1.909090909,25,9,5,0,0,0,52,61
19,Male,Asian-American,4.083333333,3.909090909,17,1,3,0,0,0,51,50
19,Male,Caucasian/Other,4.333333333,3.363636364,50,35,22,3,4,15,50,56
21,Female,Caucasian/Other,2.583333333,3.818181818,8,11,17,0,0,0,52,50
19,Female,Asian-American,1.833333333,4.545454545,0,0,0,0,0,0,51,50
20,Female,Caucasian/Other,3.083333333,3,21,21,25,1,1,0,55,51
18,Female,Caucasian/Other,3.083333333,3.818181818,12,2,8,0,0,0,50,51
20,Male,Caucasian/Other,4.666666667,3.818181818,88,93,75,5,9,28,52,64
22,Female,Caucasian/Other,1.416666667,4.818181818,2,0,0,0,0,0,54,50
18,Female,Caucasian/Other,2.416666667,4.363636364,12,12,22,0,0,0,50,50
19,Female,Caucasian/Other,2.833333333,2.727272727,38,32,37,0,0,1,51,51
19,Male,Asian-American,4.416666667,2.727272727,18,10,16,0,0,0,NA,NA
18,Male,Caucasian/Other,3,3,16,0,5,1,1,0,67,72
19,Male,Caucasian/Other,2.916666667,3.545454545,54,24,28,1,2,4,52,50
18,Male,Caucasian/Other,3.75,3.272727273,0,0,0,0,0,0,51,51
23,Female,Caucasian/Other,2,3.545454545,3,2,4,0,0,0,50,50
19,Female,Asian-American,1.75,2.727272727,5,0,0,0,0,0,54,50
22,Female,Asian-American,2.5,3.181818182,8,2,1,0,0,0,54,51
19,Female,Asian-American,4.083333333,3.363636364,3,0,4,0,0,0,61,60
20,Female,Caucasian/Other,1.916666667,3.727272727,2,0,1,0,0,0,NA,NA
19,Female,Caucasian/Other,3.583333333,3.545454545,10,6,10,0,0,0,51,50
18,Female,Asian-American,3.916666667,3.181818182,28,38,24,1,2,12,52,52
19,Female,Asian-American,1.166666667,3.727272727,0,0,0,0,0,0,55,50
19,Female,Asian-American,2.333333333,2.454545455,8,3,15,1,1,0,51,50
20,Female,Asian-American,2.25,3.454545455,13,30,27,0,0,0,NA,NA
20,Female,Caucasian/Other,4,5,52,35,17,1,1,0,51,51
18,Female,Caucasian/Other,2.5,3.545454545,3,0,0,0,0,0,52,50
20,Male,Asian-American,3.75,4.090909091,18,4,9,0,0,0,65,50
18,Male,Caucasian/Other,4.666666667,3.272727273,16,8,11,4,4,10,50,56
20,Male,Caucasian/Other,4.833333333,3.090909091,19,7,36,1,1,7,52,51
18,Female,Caucasian/Other,3.583333333,3.454545455,25,18,25,2,2,24,NA,NA
19,Female,Asian-American,1.833333333,4.363636364,0,0,0,0,0,0,65,50
19,Female,Caucasian/Other,1.583333333,3.727272727,4,5,9,0,0,0,50,50
19,Female,Caucasian/Other,2.166666667,3.818181818,0,0,2,0,0,0,50,50
19,Male,Caucasian/Other,3.333333333,4.090909091,12,5,7,0,0,0,50,50
19,Male,Caucasian/Other,4.833333333,3,78,22,20,1,2,6,50,51
19,Female,Caucasian/Other,3.25,3.909090909,0,0,0,0,0,0,50,58
19,Female,Caucasian/Other,3.916666667,3.363636364,5,0,0,0,0,0,50,50
20,Female,Caucasian/Other,3.666666667,4.636363636,0,0,0,0,0,0,52,50
20,Female,Caucasian/Other,1.916666667,3.545454545,22,4,19,0,0,0,50,50
18,Male,Caucasian/Other,2.75,3.090909091,24,12,20,0,0,0,NA,NA
20,Female,Caucasian/Other,5,3.090909091,48,45,45,3,9,57,50,52
NA,NA,NA,NA,NA,NA,NA,NA,NA,NA,NA,NA,NA
19,Male,Caucasian/Other,4.5,3.636363636,0,0,0,0,0,0,50,50
20,Male,Asian-American,1.833333333,4.272727273,54,24,32,1,1,3,60,50
21,Male,Caucasian/Other,4.916666667,3,42,32,63,2,9,9,51,56
19,Male,Caucasian/Other,4.833333333,2.545454545,29,37,32,0,0,0,50,51
21,Female,Caucasian/Other,1.75,3,14,8,3,0,0,0,51,51
19,Female,Asian-American,4.25,3.909090909,14,12,10,0,2,0,55,56
19,Female,Caucasian/Other,3.75,3.272727273,53,74,49,5,5,8,50,65
19,Female,Asian-American,3.333333333,4,10,6,12,0,0,0,51,58
18,Female,Asian-American,2.75,3.363636364,51,45,43,2,4,10,50,56
19,Male,Asian-American,3.916666667,3.454545455,44,21,34,0,0,0,53,54
19,Male,Caucasian/Other,4.5,3.818181818,52,39,52,4,4,27,53,56
19,Male,Caucasian/Other,2.583333333,3.090909091,0,0,0,0,0,0,50,51
18,Male,Caucasian/Other,4.5,3.272727273,63,55,50,4,5,12,50,64
19,Male,Caucasian/Other,3.833333333,2.909090909,10,0,8,1,1,9,50,51
18,Male,Caucasian/Other,5,1.545454545,106,129,79,4,7,20,54,64
19,Male,Caucasian/Other,2.75,3.272727273,14,4,8,0,0,0,53,50
19,Male,Caucasian/Other,4.083333333,3.454545455,9,3,11,0,0,0,54,56
21,Male,Caucasian/Other,4,4.090909091,6,0,0,0,0,0,51,50
21,Male,Asian-American,3.916666667,3.727272727,79,48,43,0,1,0,61,76
19,Female,Caucasian/Other,4.666666667,3.272727273,26,31,41,NA,NA,0,NA,NA
NA,NA,NA,NA,NA,NA,NA,NA,0,0,NA,58,58
21,Female,Caucasian/Other,2.416666667,3.454545455,10,3,5,0,0,0,51,52
20,Female,Caucasian/Other,3.5,4.181818182,13,9,25,0,0,0,50,50
18,Female,Asian-American,2.166666667,4,0,0,0,0,0,0,50,51
19,Male,Caucasian/Other,2.833333333,3.727272727,38,28,40,0,0,0,NA,NA
18,Female,Caucasian/Other,3.583333333,3,11,7,33,0,0,0,50,51
24,Female,Caucasian/Other,3.25,4.272727273,16,5,7,0,0,0,58,51
20,Female,Asian-American,2.416666667,3.545454545,12,19,26,0,0,0,70,58
21,Female,Caucasian/Other,1.75,3.545454545,30,2,3,0,0,0,51,50
19,Female,Caucasian/Other,3.083333333,3.545454545,11,13,34,0,0,0,50,50
18,Female,Caucasian/Other,2.166666667,2.818181818,3,10,24,0,1,0,50,50
18,Male,Asian-American,3,3.363636364,48,21,21,4,4,32,50,57
19,Male,Caucasian/Other,4.333333333,3.363636364,30,20,37,1,1,0,50,51
19,Female,Caucasian/Other,4.583333333,2.363636364,78,82,50,3,3,21,50,64
19,Female,Asian-American,3.083333333,3.818181818,0,0,0,0,0,0,51,50
19,Male,Caucasian/Other,2.25,3.545454545,43,28,32,0,0,0,57,50
20,Male,Caucasian/Other,3.916666667,3.272727273,40,35,47,4,9,26,61,64
20,Male,Asian-American,3.166666667,2.818181818,0,0,0,0,0,0,52,50
20,Male,Caucasian/Other,2,3.909090909,20,15,20,0,0,0,50,51
20,Male,Asian-American,4.083333333,3.272727273,11,13,12,0,0,0,50,50
19,Male,Caucasian/Other,3.166666667,4,27,10,11,0,0,0,52,54
18,Male,Asian-American,4.416666667,3,0,0,0,0,0,0,50,50
19,Male,Asian-American,4.083333333,3.363636364,7,0,4,0,1,0,52,50
20,Male,Asian-American,3.25,3.090909091,24,3,13,0,0,0,52,50
21,Male,Caucasian/Other,2.166666667,3.909090909,10,10,32,0,0,0,52,50
19,Female,Caucasian/Other,4.166666667,2.909090909,58,39,38,0,1,0,52,60
19,Female,Caucasian/Other,1.333333333,4.545454545,43,36,44,0,0,0,50,50
18,Female,Caucasian/Other,1.5,4.363636364,37,58,55,0,0,0,50,50
18,Male,Asian-American,3.583333333,3.272727273,12,2,2,1,1,3,57,51
19,Male,Caucasian/Other,3.833333333,3.454545455,74,61,49,2,11,28,52,57
21,Male,Caucasian/Other,4.333333333,3.545454545,36,6,21,0,0,0,50,50
21,Male,Caucasian/Other,4.5,3.818181818,22,27,38,0,0,0,57,51
21,Male,Asian-American,3.75,2.454545455,2,0,0,0,0,0,60,57
21,Male,Asian-American,4.416666667,4.818181818,0,0,0,0,0,0,50,51
19,Male,Caucasian/Other,3.25,2.727272727,83,112,72,2,8,21,50,56
19,Male,Caucasian/Other,3.916666667,2.090909091,82,107,57,5,7,68,61,70
21,Male,Caucasian/Other,2.916666667,3,30,51,39,1,2,7,50,51
19,Male,Asian-American,3.333333333,3.545454545,3,0,1,0,0,0,53,50
20,Male,Asian-American,3.916666667,5,0,0,0,0,0,0,50,50
19,Male,Caucasian/Other,3.25,3.363636364,1,0,0,0,0,0,50,50
20,Male,Caucasian/Other,2.666666667,4.181818182,18,15,20,2,2,13,51,59
22,Female,Caucasian/Other,1.416666667,3.636363636,12,5,10,0,0,0,54,50
21,Female,Caucasian/Other,3.416666667,3,73,67,33,4,6,26,50,56
19,Female,Asian-American,2.25,4,0,0,0,0,0,0,50,51
18,Female,Asian-American,2.333333333,3.363636364,8,1,4,0,0,0,61,58
18,Female,Caucasian/Other,3.916666667,3.545454545,66,50,53,5,5,26,50,67
19,Female,Caucasian/Other,3,3.181818182,22,16,8,0,9,0,50,58
19,Female,Caucasian/Other,2.583333333,3.636363636,0,0,0,0,0,0,50,50